{"dict":{"doc_cursors":{"01jm30h6aj8kjy26n3t6kkdfxn":{"line":1,"ch":7}},"doc_scrolls":{"01jm30h6aj8kjy26n3t6kkdfxn":{"top":0,"left":0}},"editor":{"is_split":false,"editors_item_ids":[["01jm30h6aj8kjy26n3t6kkdfxn"],[]],"editor_0_percentage":0.5,"tabs_0_pinned_item_ids":[],"tabs_0_unpinned_item_ids":[],"tabs_1_pinned_item_ids":[],"tabs_1_unpinned_item_ids":[]},"snapshot_changelogs":{"01jm30h6aj8kjy26n3t6kkdfxn":1739563031700}},"list":{"doc_tree":[{"id":"01jm30h6aj8kjy26n3t6kkdfxn","children":[],"rendered_title":"Stories of psychiatrists and mentally unstable men","title":"Stories of psychiatrists and mentally unstable men"}],"recent_edited":["01jm30h6aj8kjy26n3t6kkdfxn"],"recent_visited":["01jm30h6aj8kjy26n3t6kkdfxn"]},"set":{},"collection":{"assets":{"meta":{},"data":[],"index_keys":["key"]},"card_list":{"meta":{"index":1},"data":[{"id":"01jm30djqqr1d6502cjzx2p3xg","title":"Default List","add_time_ms":1739562863352,"_id":"1"}],"index_keys":["id"]},"items":{"meta":{"index":1},"data":[{"id":"01jm30h6aj8kjy26n3t6kkdfxn","add_time_ms":1739562981714,"type":"doc","_id":"1","char_count":{"word":2,"char_without_spaces":13,"char_with_spaces":17,"char_all":18},"title":"Stories of psychiatrists and mentally unstable men","content":"　　Preamble\n　　Hello","edit_time_ms":1739563083711}],"index_keys":["id"]},"items_shadow":{"meta":{"index":1},"data":[{"id":"01jm30h6aj8kjy26n3t6kkdfxn","add_time_ms":1739562981714,"type":"doc","_id":"1","char_count":{"word":1,"char_without_spaces":8,"char_with_spaces":12,"char_all":13},"title":"Stories of psychiatrists and mentally unstable men","content":"　　Preamble\n　　Hello","edit_time_ms":1739563083711}],"index_keys":["id"]},"snapshots":{"meta":{},"data":[],"index_keys":["id"]}}}